
-- -----------------------------------------------------------------------------------------------------------
-- -----------------------------------------------------------------------------------------------------------
-- -----------------------------------------------------------------------------------------------------------
-- -----------------------------------------------------------------------------------------------------------
-- -----------------------------------------------------------------------------------------------------------
-- -----------------------------------------------------------------------------------------------------------

INSERT INTO public.c_area (areakey, areaid, description) VALUES (1, 'CAS7', 'BY#7 COMBUSTION AIR SYSTEM');
INSERT INTO public.c_area (areakey, areaid, description) VALUES (2, 'WCS7', 'BY#7 WATER CIRCULATION SYSTEM');
INSERT INTO public.c_area (areakey, areaid, description) VALUES (3, 'STG7', 'BY#7 STEAM TURBINE GENERATOR');
INSERT INTO public.c_area (areakey, areaid, description) VALUES (4, 'FWS7', 'BY#7 FEEDWATER SYSTEM');
INSERT INTO public.c_area (areakey, areaid, description) VALUES (5, 'COS7', 'BY#7 CONDENSATE SYSTEM');
INSERT INTO public.c_area (areakey, areaid, description) VALUES (6, 'COM7', 'BY#7 COMPRESSOR SYSTEM');
INSERT INTO public.c_area (areakey, areaid, description) VALUES (7, 'OAB7', 'BY#7 OXIDATION AIR SYSTEM');



INSERT INTO public.c_equipment (areakey, equipmentkey, equipmentid, description, referencerpm) VALUES (1, 1, 'FDF-A', 'Forced Draft Fan Train  A', 890);
INSERT INTO public.c_equipment (areakey, equipmentkey, equipmentid, description, referencerpm) VALUES (1, 2, 'FDF-B', 'Forced Draft Fan Train  B', 890);
INSERT INTO public.c_equipment (areakey, equipmentkey, equipmentid, description, referencerpm) VALUES (1, 3, 'CIDF-A', 'Induced Draft Fan Train  A', 892);
INSERT INTO public.c_equipment (areakey, equipmentkey, equipmentid, description, referencerpm) VALUES (1, 4, 'CIDF-B', 'Induced Draft Fan Train  B', 892);
INSERT INTO public.c_equipment (areakey, equipmentkey, equipmentid, description, referencerpm) VALUES (1, 5, 'PAF-A', 'Primary Air Fan Train  A', 1188);
INSERT INTO public.c_equipment (areakey, equipmentkey, equipmentid, description, referencerpm) VALUES (1, 6, 'PAF-B', 'Primary Air Fan Train  B', 1188);
INSERT INTO public.c_equipment (areakey, equipmentkey, equipmentid, description, referencerpm) VALUES (2, 7, 'CWP-A', 'Circulation Water Pump A', 252);
INSERT INTO public.c_equipment (areakey, equipmentkey, equipmentid, description, referencerpm) VALUES (2, 8, 'CWP-B', 'Circulation Water Pump B', 252);
INSERT INTO public.c_equipment (areakey, equipmentkey, equipmentid, description, referencerpm) VALUES (2, 9, 'CWP-C', 'Circulation Water Pump C', 252);
INSERT INTO public.c_equipment (areakey, equipmentkey, equipmentid, description, referencerpm) VALUES (2, 10, 'CWP-D', 'Circulation Water Pump D', 252);
INSERT INTO public.c_equipment (areakey, equipmentkey, equipmentid, description, referencerpm) VALUES (2, 11, 'SLP-A', 'SLP A', 356);
INSERT INTO public.c_equipment (areakey, equipmentkey, equipmentid, description, referencerpm) VALUES (2, 12, 'SLP-B', 'SLP B', 356);
INSERT INTO public.c_equipment (areakey, equipmentkey, equipmentid, description, referencerpm) VALUES (3, 13, 'STG7', 'BY7 Steam Turbine Generator', 3600);
INSERT INTO public.c_equipment (areakey, equipmentkey, equipmentid, description, referencerpm) VALUES (4, 14, 'BFPT-A', 'Boiler Feed Pump Train A', 3000);
INSERT INTO public.c_equipment (areakey, equipmentkey, equipmentid, description, referencerpm) VALUES (4, 15, 'BFPT-B', 'Boiler Feed Pump Train B', 3000);
INSERT INTO public.c_equipment (areakey, equipmentkey, equipmentid, description, referencerpm) VALUES (4, 16, 'BFPM', 'Startup Boiler Feed Pump', 3576);
INSERT INTO public.c_equipment (areakey, equipmentkey, equipmentid, description, referencerpm) VALUES (5, 17, 'CBP-A', 'Condensate Booster Pump Tr A', 3560);
INSERT INTO public.c_equipment (areakey, equipmentkey, equipmentid, description, referencerpm) VALUES (5, 18, 'CBP-B', 'Condensate Booster Pump Tr B', 3560);
INSERT INTO public.c_equipment (areakey, equipmentkey, equipmentid, description, referencerpm) VALUES (5, 19, 'CBP-C', 'Condensate Booster Pump Tr C', 3560);
INSERT INTO public.c_equipment (areakey, equipmentkey, equipmentid, description, referencerpm) VALUES (5, 20, 'COP-A', 'Condensate Pump A', 1780);
INSERT INTO public.c_equipment (areakey, equipmentkey, equipmentid, description, referencerpm) VALUES (5, 21, 'COP-B', 'Condensate Pump B', 1780);
INSERT INTO public.c_equipment (areakey, equipmentkey, equipmentid, description, referencerpm) VALUES (5, 22, 'COP-C', 'Condensate Pump C', 1780);
INSERT INTO public.c_equipment (areakey, equipmentkey, equipmentid, description, referencerpm) VALUES (6, 23, 'COMP-A', 'Air Compressor A', 514);
INSERT INTO public.c_equipment (areakey, equipmentkey, equipmentid, description, referencerpm) VALUES (6, 24, 'COMP-B', 'Air Compressor B', 514);
INSERT INTO public.c_equipment (areakey, equipmentkey, equipmentid, description, referencerpm) VALUES (6, 25, 'COMP-C', 'Air Compressor C', 514);
INSERT INTO public.c_equipment (areakey, equipmentkey, equipmentid, description, referencerpm) VALUES (6, 26, 'COMP-D', 'Air Compressor D', 514);
INSERT INTO public.c_equipment (areakey, equipmentkey, equipmentid, description, referencerpm) VALUES (7, 27, 'OAB-A', 'Oxidization Air Blower A', 890);
INSERT INTO public.c_equipment (areakey, equipmentkey, equipmentid, description, referencerpm) VALUES (7, 28, 'OAB-B', 'Oxidization Air Blower B', 890);
INSERT INTO public.c_equipment (areakey, equipmentkey, equipmentid, description, referencerpm) VALUES (7, 29, 'OAB-C', 'Oxidization Air Blower C', 890);





INSERT INTO public.c_component (areakey, equipmentkey, componentkey, componentid, description, speedloadtype, referencerpm, comptype, orientation, mount, componentinfo) VALUES (1, 1, 1, 'FDF-MA', 'Forced Draft Fan Motor A', 2, 890, 1, 2, 2, null);
INSERT INTO public.c_component (areakey, equipmentkey, componentkey, componentid, description, speedloadtype, referencerpm, comptype, orientation, mount, componentinfo) VALUES (1, 1, 2, 'FDF-FA', 'Forced Draft Fan A', 2, 890, 2, 2, 2, null);
INSERT INTO public.c_component (areakey, equipmentkey, componentkey, componentid, description, speedloadtype, referencerpm, comptype, orientation, mount, componentinfo) VALUES (1, 2, 3, 'FDF-MB', 'Forced Draft Fan Motor B', 2, 890, 1, 2, 2, null);
INSERT INTO public.c_component (areakey, equipmentkey, componentkey, componentid, description, speedloadtype, referencerpm, comptype, orientation, mount, componentinfo) VALUES (1, 2, 4, 'FDF-FB', 'Forced Draft Fan B', 2, 890, 2, 2, 2, null);
INSERT INTO public.c_component (areakey, equipmentkey, componentkey, componentid, description, speedloadtype, referencerpm, comptype, orientation, mount, componentinfo) VALUES (1, 3, 5, 'CIDF-MA', 'Induced Draft Fan Motor A', 2, 890, 1, 2, 2, null);
INSERT INTO public.c_component (areakey, equipmentkey, componentkey, componentid, description, speedloadtype, referencerpm, comptype, orientation, mount, componentinfo) VALUES (1, 3, 6, 'CIDF-A', 'Induced  Draft Fan A', 1, 890, 2, 2, 2, null);
INSERT INTO public.c_component (areakey, equipmentkey, componentkey, componentid, description, speedloadtype, referencerpm, comptype, orientation, mount, componentinfo) VALUES (1, 4, 7, 'CIDF-MB', 'Induced Draft Fan Motor B', 2, 892, 1, 2, 2, null);
INSERT INTO public.c_component (areakey, equipmentkey, componentkey, componentid, description, speedloadtype, referencerpm, comptype, orientation, mount, componentinfo) VALUES (1, 4, 8, 'CIDF-B', 'Induced Draft Fan B', 2, 892, 2, 2, 2, null);
INSERT INTO public.c_component (areakey, equipmentkey, componentkey, componentid, description, speedloadtype, referencerpm, comptype, orientation, mount, componentinfo) VALUES (1, 5, 9, 'PAF-MA', 'Primary Air Fan Motor A', 2, 1188, 1, 2, 2, null);
INSERT INTO public.c_component (areakey, equipmentkey, componentkey, componentid, description, speedloadtype, referencerpm, comptype, orientation, mount, componentinfo) VALUES (1, 5, 10, 'PAF-FA', 'Primary Air Fan A', 2, 1188, 2, 2, 2, null);
INSERT INTO public.c_component (areakey, equipmentkey, componentkey, componentid, description, speedloadtype, referencerpm, comptype, orientation, mount, componentinfo) VALUES (1, 6, 11, 'PAF-MB', 'Primary Air Fan Motor B', 2, 1188, 1, 2, 2, null);
INSERT INTO public.c_component (areakey, equipmentkey, componentkey, componentid, description, speedloadtype, referencerpm, comptype, orientation, mount, componentinfo) VALUES (1, 6, 12, 'PAF-B', 'Primary Air Fan B', 2, 1188, 2, 2, 2, null);
INSERT INTO public.c_component (areakey, equipmentkey, componentkey, componentid, description, speedloadtype, referencerpm, comptype, orientation, mount, componentinfo) VALUES (2, 7, 13, 'CWP-A', 'Circulation Water Pump A', 2, 252, 3, 2, 0, null);
INSERT INTO public.c_component (areakey, equipmentkey, componentkey, componentid, description, speedloadtype, referencerpm, comptype, orientation, mount, componentinfo) VALUES (2, 7, 14, 'CWP-MA', 'Circulation Water Pump Motor A', 2, 252, 1, 2, 2, null);
INSERT INTO public.c_component (areakey, equipmentkey, componentkey, componentid, description, speedloadtype, referencerpm, comptype, orientation, mount, componentinfo) VALUES (2, 8, 15, 'CWP-B', 'Circulation Water Pump B', 2, 252, 3, 2, 0, null);
INSERT INTO public.c_component (areakey, equipmentkey, componentkey, componentid, description, speedloadtype, referencerpm, comptype, orientation, mount, componentinfo) VALUES (2, 8, 16, 'CWP-MB', 'Circulation Water Pump Motor B', 2, 252, 1, 2, 2, null);
INSERT INTO public.c_component (areakey, equipmentkey, componentkey, componentid, description, speedloadtype, referencerpm, comptype, orientation, mount, componentinfo) VALUES (2, 9, 17, 'CWP-C', 'Circulation Water Pump C', 2, 252, 3, 2, 0, null);
INSERT INTO public.c_component (areakey, equipmentkey, componentkey, componentid, description, speedloadtype, referencerpm, comptype, orientation, mount, componentinfo) VALUES (2, 9, 18, 'CWP-MC', 'Circulation Water Pump Motor C', 2, 252, 1, 2, 2, null);
INSERT INTO public.c_component (areakey, equipmentkey, componentkey, componentid, description, speedloadtype, referencerpm, comptype, orientation, mount, componentinfo) VALUES (2, 10, 19, 'CWP-D', 'Circulation Water Pump D', 2, 252, 3, 3, 0, null);
INSERT INTO public.c_component (areakey, equipmentkey, componentkey, componentid, description, speedloadtype, referencerpm, comptype, orientation, mount, componentinfo) VALUES (2, 10, 20, 'CWP-MD', 'Circulation Water Pump Motor D', 2, 252, 1, 3, 2, null);
INSERT INTO public.c_component (areakey, equipmentkey, componentkey, componentid, description, speedloadtype, referencerpm, comptype, orientation, mount, componentinfo) VALUES (2, 11, 21, 'SLP-A', 'SLP-A', 2, 356, 3, 3, 2, null);
INSERT INTO public.c_component (areakey, equipmentkey, componentkey, componentid, description, speedloadtype, referencerpm, comptype, orientation, mount, componentinfo) VALUES (2, 11, 22, 'SLP-MA', 'SLP Motor A', 2, 356, 1, 2, 2, null);
INSERT INTO public.c_component (areakey, equipmentkey, componentkey, componentid, description, speedloadtype, referencerpm, comptype, orientation, mount, componentinfo) VALUES (2, 12, 23, 'SLP-MB', 'SLP Motor B', 1, 356, 1, 3, 2, null);
INSERT INTO public.c_component (areakey, equipmentkey, componentkey, componentid, description, speedloadtype, referencerpm, comptype, orientation, mount, componentinfo) VALUES (2, 12, 24, '7SLP-B', '7SLP-B', 2, 3600, 0, 3, 0, null);
INSERT INTO public.c_component (areakey, equipmentkey, componentkey, componentid, description, speedloadtype, referencerpm, comptype, orientation, mount, componentinfo) VALUES (3, 13, 25, 'HPT', 'BY7 High Pressure Turbine', 2, 3600, 6, 2, 2, null);
INSERT INTO public.c_component (areakey, equipmentkey, componentkey, componentid, description, speedloadtype, referencerpm, comptype, orientation, mount, componentinfo) VALUES (3, 13, 26, 'IPT', 'BY7 Intermediate Pressure Turbine', 2, 3600, 6, 2, 2, null);
INSERT INTO public.c_component (areakey, equipmentkey, componentkey, componentid, description, speedloadtype, referencerpm, comptype, orientation, mount, componentinfo) VALUES (3, 13, 27, 'LPT', 'BY7 Low Pressure Turbine A', 2, 3600, 6, 2, 2, null);
INSERT INTO public.c_component (areakey, equipmentkey, componentkey, componentid, description, speedloadtype, referencerpm, comptype, orientation, mount, componentinfo) VALUES (3, 13, 28, 'GEN', 'BY7 Generator', 2, 3600, 9, 2, 2, null);
INSERT INTO public.c_component (areakey, equipmentkey, componentkey, componentid, description, speedloadtype, referencerpm, comptype, orientation, mount, componentinfo) VALUES (3, 13, 29, 'EXC', 'BY7 Exciter', 2, 3600, 19, 2, 2, null);
INSERT INTO public.c_component (areakey, equipmentkey, componentkey, componentid, description, speedloadtype, referencerpm, comptype, orientation, mount, componentinfo) VALUES (4, 14, 30, 'BFPT-A-TBN', 'BFPT-A Turbine', 2, 3000, 6, 2, 2, null);
INSERT INTO public.c_component (areakey, equipmentkey, componentkey, componentid, description, speedloadtype, referencerpm, comptype, orientation, mount, componentinfo) VALUES (4, 14, 31, 'BFPT-A-MP', 'BFPT-A Main Pump', 2, 3600, 3, 2, 2, null);
INSERT INTO public.c_component (areakey, equipmentkey, componentkey, componentid, description, speedloadtype, referencerpm, comptype, orientation, mount, componentinfo) VALUES (4, 14, 32, 'BFPT-A-BP', 'BFPT-A Booster Pump', 2, 5800, 3, 0, 0, null);
INSERT INTO public.c_component (areakey, equipmentkey, componentkey, componentid, description, speedloadtype, referencerpm, comptype, orientation, mount, componentinfo) VALUES (4, 14, 33, 'BFPT-A-GB', 'BFPT-A Gearbox', 2, 3600, 4, 2, 2, null);
INSERT INTO public.c_component (areakey, equipmentkey, componentkey, componentid, description, speedloadtype, referencerpm, comptype, orientation, mount, componentinfo) VALUES (4, 15, 34, 'BFPT-B-TBN', 'BFPT-B Turbine', 2, 3000, 6, 2, 2, null);
INSERT INTO public.c_component (areakey, equipmentkey, componentkey, componentid, description, speedloadtype, referencerpm, comptype, orientation, mount, componentinfo) VALUES (4, 15, 35, 'BFPT-B-MP', 'BFPT-B Main Pump', 2, 3600, 3, 2, 2, null);
INSERT INTO public.c_component (areakey, equipmentkey, componentkey, componentid, description, speedloadtype, referencerpm, comptype, orientation, mount, componentinfo) VALUES (4, 15, 36, 'BFPT-B-BP', 'BFPT-B Booster Pump', 2, 5800, 3, 2, 2, null);
INSERT INTO public.c_component (areakey, equipmentkey, componentkey, componentid, description, speedloadtype, referencerpm, comptype, orientation, mount, componentinfo) VALUES (4, 15, 37, 'BFPT-B-GB', 'BFPT-B Gearbox', 2, 3600, 4, 2, 2, null);
INSERT INTO public.c_component (areakey, equipmentkey, componentkey, componentid, description, speedloadtype, referencerpm, comptype, orientation, mount, componentinfo) VALUES (4, 16, 38, 'BFPM', 'BFPM Pump', 2, 3576, 3, 2, 2, null);
INSERT INTO public.c_component (areakey, equipmentkey, componentkey, componentid, description, speedloadtype, referencerpm, comptype, orientation, mount, componentinfo) VALUES (4, 16, 39, 'BFPM-M', 'BFPM Motor', 2, 3576, 1, 2, 2, null);
INSERT INTO public.c_component (areakey, equipmentkey, componentkey, componentid, description, speedloadtype, referencerpm, comptype, orientation, mount, componentinfo) VALUES (4, 16, 40, 'BFPM-M2', 'BFPM Motor', 2, 3600, 1, 2, 2, null);
INSERT INTO public.c_component (areakey, equipmentkey, componentkey, componentid, description, speedloadtype, referencerpm, comptype, orientation, mount, componentinfo) VALUES (5, 17, 41, 'CBP-MA', 'Condenstate Booster Pump - MOTOR A', 2, 3560, 1, 2, 2, null);
INSERT INTO public.c_component (areakey, equipmentkey, componentkey, componentid, description, speedloadtype, referencerpm, comptype, orientation, mount, componentinfo) VALUES (5, 17, 42, 'CBP-PA', 'Condenstate Booster Pump - PUMP A', 2, 3560, 3, 2, 0, null);
INSERT INTO public.c_component (areakey, equipmentkey, componentkey, componentid, description, speedloadtype, referencerpm, comptype, orientation, mount, componentinfo) VALUES (5, 18, 43, 'CBP-MB', 'Condenstate Booster Pump - MOTOR B', 2, 3560, 1, 2, 2, null);
INSERT INTO public.c_component (areakey, equipmentkey, componentkey, componentid, description, speedloadtype, referencerpm, comptype, orientation, mount, componentinfo) VALUES (5, 18, 44, 'CBP-PB', 'Condenstate Booster Pump - PUMP B', 2, 3560, 3, 2, 0, null);
INSERT INTO public.c_component (areakey, equipmentkey, componentkey, componentid, description, speedloadtype, referencerpm, comptype, orientation, mount, componentinfo) VALUES (5, 19, 45, 'CBP-MC', 'Condenstate Booster Pump - MOTOR C', 2, 3560, 1, 2, 0, null);
INSERT INTO public.c_component (areakey, equipmentkey, componentkey, componentid, description, speedloadtype, referencerpm, comptype, orientation, mount, componentinfo) VALUES (5, 19, 46, 'CBP-PC', 'Condenstate Booster Pump - PUMP C', 2, 3560, 3, 2, 2, null);
INSERT INTO public.c_component (areakey, equipmentkey, componentkey, componentid, description, speedloadtype, referencerpm, comptype, orientation, mount, componentinfo) VALUES (5, 20, 47, 'COP-MA', 'Condensate Pump A Motor', 2, 1780, 1, 2, 2, null);
INSERT INTO public.c_component (areakey, equipmentkey, componentkey, componentid, description, speedloadtype, referencerpm, comptype, orientation, mount, componentinfo) VALUES (5, 20, 48, 'COP-A', 'Condensate Pump A', 2, 1780, 3, 0, 0, null);
INSERT INTO public.c_component (areakey, equipmentkey, componentkey, componentid, description, speedloadtype, referencerpm, comptype, orientation, mount, componentinfo) VALUES (5, 21, 49, 'COP-MB', 'Condensate Pump B Motor', 2, 1780, 1, 2, 2, null);
INSERT INTO public.c_component (areakey, equipmentkey, componentkey, componentid, description, speedloadtype, referencerpm, comptype, orientation, mount, componentinfo) VALUES (5, 21, 50, 'COP-B', 'Condensate Pump B', 2, 1780, 3, 2, 2, null);
INSERT INTO public.c_component (areakey, equipmentkey, componentkey, componentid, description, speedloadtype, referencerpm, comptype, orientation, mount, componentinfo) VALUES (5, 22, 51, 'COP-MC', 'Condensate Pump C Motor', 2, 1780, 1, 3, 3, null);
INSERT INTO public.c_component (areakey, equipmentkey, componentkey, componentid, description, speedloadtype, referencerpm, comptype, orientation, mount, componentinfo) VALUES (5, 22, 52, 'COP-C', 'Condensate Pump C', 2, 1780, 3, 3, 3, null);
INSERT INTO public.c_component (areakey, equipmentkey, componentkey, componentid, description, speedloadtype, referencerpm, comptype, orientation, mount, componentinfo) VALUES (6, 23, 53, 'COMP-A', 'Air Compressor A Motor', 2, 585, 7, 2, 2, null);
INSERT INTO public.c_component (areakey, equipmentkey, componentkey, componentid, description, speedloadtype, referencerpm, comptype, orientation, mount, componentinfo) VALUES (6, 24, 54, 'COMP-B', 'Air Compressor B Motor', 2, 585, 7, 2, 2, null);
INSERT INTO public.c_component (areakey, equipmentkey, componentkey, componentid, description, speedloadtype, referencerpm, comptype, orientation, mount, componentinfo) VALUES (6, 25, 55, 'COMP-C', 'Air Compressor C Motor', 2, 585, 7, 2, 2, null);
INSERT INTO public.c_component (areakey, equipmentkey, componentkey, componentid, description, speedloadtype, referencerpm, comptype, orientation, mount, componentinfo) VALUES (6, 26, 56, 'COMP-D', 'Air Compressor D Motor', 2, 585, 7, 2, 2, null);
INSERT INTO public.c_component (areakey, equipmentkey, componentkey, componentid, description, speedloadtype, referencerpm, comptype, orientation, mount, componentinfo) VALUES (7, 27, 57, 'OAB-MA', 'Oxidization Air Blower A Gearbox', 1, 890, 4, 2, 2, null);
INSERT INTO public.c_component (areakey, equipmentkey, componentkey, componentid, description, speedloadtype, referencerpm, comptype, orientation, mount, componentinfo) VALUES (7, 28, 58, 'OAB-MB', 'Oxidization Air Blower B Gearbox', 1, 890, 4, 2, 2, null);
INSERT INTO public.c_component (areakey, equipmentkey, componentkey, componentid, description, speedloadtype, referencerpm, comptype, orientation, mount, componentinfo) VALUES (7, 29, 59, 'OAB-MA', 'Oxidization Air Blower A Gearbox', 1, 890, 4, 2, 2, null);




INSERT INTO public.c_measpt (areakey, equipmentkey, componentkey, mptkey, mptid, description, companionmptkey, referencerpm, signaltype, orientation, position, activealarm, alarmtype, alerthigh, faulthigh, alertlow, faultlow) VALUES (1, 1, 1, 1, 'MIX', 'FDF-A VIB Motor Inboard X (D03)', 2, 890, 3, 5, 1, false, null, null, null, null, null);
INSERT INTO public.c_measpt (areakey, equipmentkey, componentkey, mptkey, mptid, description, companionmptkey, referencerpm, signaltype, orientation, position, activealarm, alarmtype, alerthigh, faulthigh, alertlow, faultlow) VALUES (1, 1, 1, 2, 'MIY', 'FDF-A VIB Motor Inboard Y (D04)', 1, 890, 3, 6, 1, false, null, null, null, null, null);
INSERT INTO public.c_measpt (areakey, equipmentkey, componentkey, mptkey, mptid, description, companionmptkey, referencerpm, signaltype, orientation, position, activealarm, alarmtype, alerthigh, faulthigh, alertlow, faultlow) VALUES (1, 1, 1, 3, 'MOX', 'FDF-A VIB Motor Outboard X (D05)', 4, 890, 3, 5, 2, false, null, null, null, null, null);
INSERT INTO public.c_measpt (areakey, equipmentkey, componentkey, mptkey, mptid, description, companionmptkey, referencerpm, signaltype, orientation, position, activealarm, alarmtype, alerthigh, faulthigh, alertlow, faultlow) VALUES (1, 1, 1, 4, 'MOY', 'FDF-A VIB Motor Outboard Y (D06)', 3, 890, 3, 6, 2, false, null, null, null, null, null);
INSERT INTO public.c_measpt (areakey, equipmentkey, componentkey, mptkey, mptid, description, companionmptkey, referencerpm, signaltype, orientation, position, activealarm, alarmtype, alerthigh, faulthigh, alertlow, faultlow) VALUES (1, 1, 2, 5, 'FaX', 'FDF-A VIB Fan X (D01)', 6, 890, 2, 5, 0, false, null, null, null, null, null);
INSERT INTO public.c_measpt (areakey, equipmentkey, componentkey, mptkey, mptid, description, companionmptkey, referencerpm, signaltype, orientation, position, activealarm, alarmtype, alerthigh, faulthigh, alertlow, faultlow) VALUES (1, 1, 2, 6, 'FaY', 'FDF-A VIB Fan Y (D02)', 5, 890, 2, 6, 0, false, null, null, null, null, null);
INSERT INTO public.c_measpt (areakey, equipmentkey, componentkey, mptkey, mptid, description, companionmptkey, referencerpm, signaltype, orientation, position, activealarm, alarmtype, alerthigh, faulthigh, alertlow, faultlow) VALUES (1, 2, 3, 7, 'MIX', 'FDF-B VIB Motor Inboard X (E09)', 8, 890, 3, 5, 1, false, null, null, null, null, null);
INSERT INTO public.c_measpt (areakey, equipmentkey, componentkey, mptkey, mptid, description, companionmptkey, referencerpm, signaltype, orientation, position, activealarm, alarmtype, alerthigh, faulthigh, alertlow, faultlow) VALUES (1, 2, 3, 8, 'MIY', 'FDF-B VIB Motor Inboard Y (E10)', 7, 890, 3, 6, 1, false, null, null, null, null, null);
INSERT INTO public.c_measpt (areakey, equipmentkey, componentkey, mptkey, mptid, description, companionmptkey, referencerpm, signaltype, orientation, position, activealarm, alarmtype, alerthigh, faulthigh, alertlow, faultlow) VALUES (1, 2, 3, 9, 'MOX', 'FDF-B VIB Motor Outboard X (E11)', 10, 890, 3, 5, 2, false, null, null, null, null, null);
INSERT INTO public.c_measpt (areakey, equipmentkey, componentkey, mptkey, mptid, description, companionmptkey, referencerpm, signaltype, orientation, position, activealarm, alarmtype, alerthigh, faulthigh, alertlow, faultlow) VALUES (1, 2, 3, 10, 'MOY', 'FDF-B VIB Motor Outboard Y (E12)', 9, 890, 3, 6, 2, false, null, null, null, null, null);
INSERT INTO public.c_measpt (areakey, equipmentkey, componentkey, mptkey, mptid, description, companionmptkey, referencerpm, signaltype, orientation, position, activealarm, alarmtype, alerthigh, faulthigh, alertlow, faultlow) VALUES (1, 2, 4, 11, 'FaX', 'FDF-B VIB Fan X (E07)', 12, 890, 2, 5, 0, false, null, null, null, null, null);
INSERT INTO public.c_measpt (areakey, equipmentkey, componentkey, mptkey, mptid, description, companionmptkey, referencerpm, signaltype, orientation, position, activealarm, alarmtype, alerthigh, faulthigh, alertlow, faultlow) VALUES (1, 2, 4, 12, 'FaY', 'FDF-B VIB Fan Y (E08)', 11, 890, 2, 6, 0, false, null, null, null, null, null);
INSERT INTO public.c_measpt (areakey, equipmentkey, componentkey, mptkey, mptid, description, companionmptkey, referencerpm, signaltype, orientation, position, activealarm, alarmtype, alerthigh, faulthigh, alertlow, faultlow) VALUES (1, 3, 5, 13, 'MIX', 'CIDF-A VIB Motor Inboard X (E03)', 14, 890, 3, 5, 1, false, null, null, null, null, null);
INSERT INTO public.c_measpt (areakey, equipmentkey, componentkey, mptkey, mptid, description, companionmptkey, referencerpm, signaltype, orientation, position, activealarm, alarmtype, alerthigh, faulthigh, alertlow, faultlow) VALUES (1, 3, 5, 14, 'MIY', 'CIDF-A VIB Motor Inboard Y (E04)', 13, 890, 3, 6, 1, false, null, null, null, null, null);
INSERT INTO public.c_measpt (areakey, equipmentkey, componentkey, mptkey, mptid, description, companionmptkey, referencerpm, signaltype, orientation, position, activealarm, alarmtype, alerthigh, faulthigh, alertlow, faultlow) VALUES (1, 3, 5, 15, 'MOX', 'CIDF-A VIB Motor Outboard X(E05)', 16, 890, 3, 5, 2, false, null, null, null, null, null);
INSERT INTO public.c_measpt (areakey, equipmentkey, componentkey, mptkey, mptid, description, companionmptkey, referencerpm, signaltype, orientation, position, activealarm, alarmtype, alerthigh, faulthigh, alertlow, faultlow) VALUES (1, 3, 5, 16, 'MOY', 'CIDF-A VIB Motor Outboard Y(E06)', 15, 890, 3, 6, 2, false, null, null, null, null, null);
INSERT INTO public.c_measpt (areakey, equipmentkey, componentkey, mptkey, mptid, description, companionmptkey, referencerpm, signaltype, orientation, position, activealarm, alarmtype, alerthigh, faulthigh, alertlow, faultlow) VALUES (1, 3, 6, 17, 'FaX', 'CIDF-A VIB Fan X (E01)', 18, 890, 2, 5, 0, false, null, null, null, null, null);
INSERT INTO public.c_measpt (areakey, equipmentkey, componentkey, mptkey, mptid, description, companionmptkey, referencerpm, signaltype, orientation, position, activealarm, alarmtype, alerthigh, faulthigh, alertlow, faultlow) VALUES (1, 3, 6, 18, 'FaY', 'CIDF-A VIB Fan Y (E02)', 17, 890, 2, 6, 0, false, null, null, null, null, null);
INSERT INTO public.c_measpt (areakey, equipmentkey, componentkey, mptkey, mptid, description, companionmptkey, referencerpm, signaltype, orientation, position, activealarm, alarmtype, alerthigh, faulthigh, alertlow, faultlow) VALUES (1, 4, 7, 19, 'MIX', 'CIDF-B VIB Motor Inboard X (F03)', 20, 892, 3, 5, 1, false, null, null, null, null, null);
INSERT INTO public.c_measpt (areakey, equipmentkey, componentkey, mptkey, mptid, description, companionmptkey, referencerpm, signaltype, orientation, position, activealarm, alarmtype, alerthigh, faulthigh, alertlow, faultlow) VALUES (1, 4, 7, 20, 'MIY', 'CIDF-B VIB Motor Inboard Y (F04)', 19, 892, 3, 6, 1, false, null, null, null, null, null);
INSERT INTO public.c_measpt (areakey, equipmentkey, componentkey, mptkey, mptid, description, companionmptkey, referencerpm, signaltype, orientation, position, activealarm, alarmtype, alerthigh, faulthigh, alertlow, faultlow) VALUES (1, 4, 7, 21, 'MOX', 'CIDF-B VIB Motor Outboard X(F05)', 22, 892, 3, 5, 2, false, null, null, null, null, null);
INSERT INTO public.c_measpt (areakey, equipmentkey, componentkey, mptkey, mptid, description, companionmptkey, referencerpm, signaltype, orientation, position, activealarm, alarmtype, alerthigh, faulthigh, alertlow, faultlow) VALUES (1, 4, 7, 22, 'MOY', 'CIDF-B VIB Motor Outboard Y(F06)', 21, 892, 3, 6, 2, false, null, null, null, null, null);
INSERT INTO public.c_measpt (areakey, equipmentkey, componentkey, mptkey, mptid, description, companionmptkey, referencerpm, signaltype, orientation, position, activealarm, alarmtype, alerthigh, faulthigh, alertlow, faultlow) VALUES (1, 4, 8, 23, 'FaX', 'CIDF-B VIB Fan X (F01)', 24, 892, 2, 5, 0, false, null, null, null, null, null);
INSERT INTO public.c_measpt (areakey, equipmentkey, componentkey, mptkey, mptid, description, companionmptkey, referencerpm, signaltype, orientation, position, activealarm, alarmtype, alerthigh, faulthigh, alertlow, faultlow) VALUES (1, 4, 8, 24, 'FaY', 'CIDF-B VIB Fan Y (F02)', 23, 892, 2, 6, 0, false, null, null, null, null, null);
INSERT INTO public.c_measpt (areakey, equipmentkey, componentkey, mptkey, mptid, description, companionmptkey, referencerpm, signaltype, orientation, position, activealarm, alarmtype, alerthigh, faulthigh, alertlow, faultlow) VALUES (1, 5, 9, 25, 'MIX', 'PAF-A VIB Motor Inboard X (D11)', 26, 1188, 3, 5, 1, false, null, null, null, null, null);
INSERT INTO public.c_measpt (areakey, equipmentkey, componentkey, mptkey, mptid, description, companionmptkey, referencerpm, signaltype, orientation, position, activealarm, alarmtype, alerthigh, faulthigh, alertlow, faultlow) VALUES (1, 5, 9, 26, 'MIY', 'PAF-A VIB Motor Inboard Y (D12)', 25, 1188, 3, 6, 1, false, null, null, null, null, null);
INSERT INTO public.c_measpt (areakey, equipmentkey, componentkey, mptkey, mptid, description, companionmptkey, referencerpm, signaltype, orientation, position, activealarm, alarmtype, alerthigh, faulthigh, alertlow, faultlow) VALUES (1, 5, 9, 27, 'MOX', 'PAF-A VIB Motor Outboard X (D13)', 28, 1188, 3, 5, 2, false, null, null, null, null, null);
INSERT INTO public.c_measpt (areakey, equipmentkey, componentkey, mptkey, mptid, description, companionmptkey, referencerpm, signaltype, orientation, position, activealarm, alarmtype, alerthigh, faulthigh, alertlow, faultlow) VALUES (1, 5, 9, 28, 'MOY', 'PAF-A VIB Motor Outboard Y (D14)', 27, 1188, 3, 6, 2, false, null, null, null, null, null);
INSERT INTO public.c_measpt (areakey, equipmentkey, componentkey, mptkey, mptid, description, companionmptkey, referencerpm, signaltype, orientation, position, activealarm, alarmtype, alerthigh, faulthigh, alertlow, faultlow) VALUES (1, 5, 10, 29, 'FIX', 'PAF-A VIB Fan Inboard X (D09)', 30, 1188, 3, 5, 0, false, null, null, null, null, null);
INSERT INTO public.c_measpt (areakey, equipmentkey, componentkey, mptkey, mptid, description, companionmptkey, referencerpm, signaltype, orientation, position, activealarm, alarmtype, alerthigh, faulthigh, alertlow, faultlow) VALUES (1, 5, 10, 30, 'FIY', 'PAF-A VIB Fan Inboard Y (D10)', 29, 1188, 3, 6, 0, false, null, null, null, null, null);
INSERT INTO public.c_measpt (areakey, equipmentkey, componentkey, mptkey, mptid, description, companionmptkey, referencerpm, signaltype, orientation, position, activealarm, alarmtype, alerthigh, faulthigh, alertlow, faultlow) VALUES (1, 5, 10, 31, 'FOX', 'PAF-A VIB Fan Outboard X (D07)', 32, 1188, 3, 5, 0, false, null, null, null, null, null);
INSERT INTO public.c_measpt (areakey, equipmentkey, componentkey, mptkey, mptid, description, companionmptkey, referencerpm, signaltype, orientation, position, activealarm, alarmtype, alerthigh, faulthigh, alertlow, faultlow) VALUES (1, 5, 10, 32, 'FOY', 'PAF-A VIB Fan Outboard Y (D08)', 31, 1188, 3, 6, 0, false, null, null, null, null, null);
INSERT INTO public.c_measpt (areakey, equipmentkey, componentkey, mptkey, mptid, description, companionmptkey, referencerpm, signaltype, orientation, position, activealarm, alarmtype, alerthigh, faulthigh, alertlow, faultlow) VALUES (1, 6, 11, 33, 'MIX', 'PAF-B VIB Motor Inboard X (F11)', 34, 1188, 3, 5, 1, false, null, null, null, null, null);
INSERT INTO public.c_measpt (areakey, equipmentkey, componentkey, mptkey, mptid, description, companionmptkey, referencerpm, signaltype, orientation, position, activealarm, alarmtype, alerthigh, faulthigh, alertlow, faultlow) VALUES (1, 6, 11, 34, 'MIY', 'PAF-B VIB Motor Inboard Y (F12)', 33, 1188, 3, 6, 1, false, null, null, null, null, null);
INSERT INTO public.c_measpt (areakey, equipmentkey, componentkey, mptkey, mptid, description, companionmptkey, referencerpm, signaltype, orientation, position, activealarm, alarmtype, alerthigh, faulthigh, alertlow, faultlow) VALUES (1, 6, 11, 35, 'MOX', 'PAF-B VIB Motor Outboard X (F13)', 36, 1188, 3, 5, 2, false, null, null, null, null, null);
INSERT INTO public.c_measpt (areakey, equipmentkey, componentkey, mptkey, mptid, description, companionmptkey, referencerpm, signaltype, orientation, position, activealarm, alarmtype, alerthigh, faulthigh, alertlow, faultlow) VALUES (1, 6, 11, 36, 'MOY', 'PAF-B VIB Motor Outboard Y (F14)', 35, 1188, 3, 6, 2, false, null, null, null, null, null);
INSERT INTO public.c_measpt (areakey, equipmentkey, componentkey, mptkey, mptid, description, companionmptkey, referencerpm, signaltype, orientation, position, activealarm, alarmtype, alerthigh, faulthigh, alertlow, faultlow) VALUES (1, 6, 12, 37, 'FIX', 'PAF-B VIB Fan Inboard X (F09)', 38, 1188, 3, 5, 0, false, null, null, null, null, null);
INSERT INTO public.c_measpt (areakey, equipmentkey, componentkey, mptkey, mptid, description, companionmptkey, referencerpm, signaltype, orientation, position, activealarm, alarmtype, alerthigh, faulthigh, alertlow, faultlow) VALUES (1, 6, 12, 38, 'FIY', 'PAF-B VIB Fan Inboard Y (F10)', 37, 1188, 3, 6, 0, false, null, null, null, null, null);
INSERT INTO public.c_measpt (areakey, equipmentkey, componentkey, mptkey, mptid, description, companionmptkey, referencerpm, signaltype, orientation, position, activealarm, alarmtype, alerthigh, faulthigh, alertlow, faultlow) VALUES (1, 6, 12, 39, 'FOX', 'PAF-B VIB Fan Outboard X (F07)', 40, 1188, 3, 5, 0, false, null, null, null, null, null);
INSERT INTO public.c_measpt (areakey, equipmentkey, componentkey, mptkey, mptid, description, companionmptkey, referencerpm, signaltype, orientation, position, activealarm, alarmtype, alerthigh, faulthigh, alertlow, faultlow) VALUES (1, 6, 12, 40, 'FOY', 'PAF-B VIB Fan Outboard Y (F08)', 39, 1188, 3, 6, 0, false, null, null, null, null, null);
INSERT INTO public.c_measpt (areakey, equipmentkey, componentkey, mptkey, mptid, description, companionmptkey, referencerpm, signaltype, orientation, position, activealarm, alarmtype, alerthigh, faulthigh, alertlow, faultlow) VALUES (2, 7, 14, 41, 'MIX', 'CWP-A MOTOR Inboard VIB X', 42, 252, 3, 5, 1, false, null, null, null, null, null);
INSERT INTO public.c_measpt (areakey, equipmentkey, componentkey, mptkey, mptid, description, companionmptkey, referencerpm, signaltype, orientation, position, activealarm, alarmtype, alerthigh, faulthigh, alertlow, faultlow) VALUES (2, 7, 14, 42, 'MIY', 'CWP-A MOTOR Inboard VIB Y', 41, 252, 3, 6, 0, false, null, null, null, null, null);
INSERT INTO public.c_measpt (areakey, equipmentkey, componentkey, mptkey, mptid, description, companionmptkey, referencerpm, signaltype, orientation, position, activealarm, alarmtype, alerthigh, faulthigh, alertlow, faultlow) VALUES (2, 7, 13, 43, 'PIX', 'CWP-A PUMP Inboard VIB X', 44, 252, 3, 0, 0, false, null, null, null, null, null);
INSERT INTO public.c_measpt (areakey, equipmentkey, componentkey, mptkey, mptid, description, companionmptkey, referencerpm, signaltype, orientation, position, activealarm, alarmtype, alerthigh, faulthigh, alertlow, faultlow) VALUES (2, 7, 13, 44, 'PIY', 'CWP-A PUMP Inboard VIB Y', 43, 252, 3, 0, 0, false, null, null, null, null, null);
INSERT INTO public.c_measpt (areakey, equipmentkey, componentkey, mptkey, mptid, description, companionmptkey, referencerpm, signaltype, orientation, position, activealarm, alarmtype, alerthigh, faulthigh, alertlow, faultlow) VALUES (2, 8, 16, 45, 'MIX', 'CWP-B MOTOR Inboard VIB X', 46, 252, 3, 5, 1, false, null, null, null, null, null);
INSERT INTO public.c_measpt (areakey, equipmentkey, componentkey, mptkey, mptid, description, companionmptkey, referencerpm, signaltype, orientation, position, activealarm, alarmtype, alerthigh, faulthigh, alertlow, faultlow) VALUES (2, 8, 16, 46, 'MIY', 'CWP-B MOTOR Inboard VIB Y', 45, 252, 3, 6, 0, false, null, null, null, null, null);
INSERT INTO public.c_measpt (areakey, equipmentkey, componentkey, mptkey, mptid, description, companionmptkey, referencerpm, signaltype, orientation, position, activealarm, alarmtype, alerthigh, faulthigh, alertlow, faultlow) VALUES (2, 8, 15, 47, 'PIX', 'CWP-B PUMP Inboard VIB X', 48, 252, 3, 0, 0, false, null, null, null, null, null);
INSERT INTO public.c_measpt (areakey, equipmentkey, componentkey, mptkey, mptid, description, companionmptkey, referencerpm, signaltype, orientation, position, activealarm, alarmtype, alerthigh, faulthigh, alertlow, faultlow) VALUES (2, 8, 15, 48, 'PIY', 'CWP-B PUMP Inboard VIB Y', 47, 252, 3, 0, 0, false, null, null, null, null, null);
INSERT INTO public.c_measpt (areakey, equipmentkey, componentkey, mptkey, mptid, description, companionmptkey, referencerpm, signaltype, orientation, position, activealarm, alarmtype, alerthigh, faulthigh, alertlow, faultlow) VALUES (2, 9, 18, 49, 'MIX', 'CWP-C MOTOR Inboard VIB X', 50, 252, 3, 5, 1, false, null, null, null, null, null);
INSERT INTO public.c_measpt (areakey, equipmentkey, componentkey, mptkey, mptid, description, companionmptkey, referencerpm, signaltype, orientation, position, activealarm, alarmtype, alerthigh, faulthigh, alertlow, faultlow) VALUES (2, 9, 18, 50, 'MIY', 'CWP-C MOTOR Inboard VIB Y', 49, 252, 3, 6, 0, false, null, null, null, null, null);
INSERT INTO public.c_measpt (areakey, equipmentkey, componentkey, mptkey, mptid, description, companionmptkey, referencerpm, signaltype, orientation, position, activealarm, alarmtype, alerthigh, faulthigh, alertlow, faultlow) VALUES (2, 9, 17, 51, 'PIX', 'CWP-C PUMP Inboard VIB X', 52, 252, 3, 0, 0, false, null, null, null, null, null);
INSERT INTO public.c_measpt (areakey, equipmentkey, componentkey, mptkey, mptid, description, companionmptkey, referencerpm, signaltype, orientation, position, activealarm, alarmtype, alerthigh, faulthigh, alertlow, faultlow) VALUES (2, 9, 17, 52, 'PIY', 'CWP-C PUMP Inboard VIB Y', 51, 252, 3, 0, 0, false, null, null, null, null, null);
INSERT INTO public.c_measpt (areakey, equipmentkey, componentkey, mptkey, mptid, description, companionmptkey, referencerpm, signaltype, orientation, position, activealarm, alarmtype, alerthigh, faulthigh, alertlow, faultlow) VALUES (2, 10, 20, 53, 'MIX', 'CWP-D MOTOR Inboard VIB X', 54, 252, 3, 5, 1, false, null, null, null, null, null);
INSERT INTO public.c_measpt (areakey, equipmentkey, componentkey, mptkey, mptid, description, companionmptkey, referencerpm, signaltype, orientation, position, activealarm, alarmtype, alerthigh, faulthigh, alertlow, faultlow) VALUES (2, 10, 20, 54, 'MIY', 'CWP-D MOTOR Inboard VIB Y', 53, 252, 3, 6, 0, false, null, null, null, null, null);
INSERT INTO public.c_measpt (areakey, equipmentkey, componentkey, mptkey, mptid, description, companionmptkey, referencerpm, signaltype, orientation, position, activealarm, alarmtype, alerthigh, faulthigh, alertlow, faultlow) VALUES (2, 10, 19, 55, 'PIX', 'CWP-D PUMP Inboard VIB X', 56, 252, 3, 0, 0, false, null, null, null, null, null);
INSERT INTO public.c_measpt (areakey, equipmentkey, componentkey, mptkey, mptid, description, companionmptkey, referencerpm, signaltype, orientation, position, activealarm, alarmtype, alerthigh, faulthigh, alertlow, faultlow) VALUES (2, 10, 19, 56, 'PIY', 'CWP-D PUMP Inboard VIB Y', 55, 252, 3, 0, 0, false, null, null, null, null, null);
INSERT INTO public.c_measpt (areakey, equipmentkey, componentkey, mptkey, mptid, description, companionmptkey, referencerpm, signaltype, orientation, position, activealarm, alarmtype, alerthigh, faulthigh, alertlow, faultlow) VALUES (2, 11, 22, 57, 'MIX', 'SLP-A VIB X (G09)', 58, 356, 3, 5, 1, false, null, null, null, null, null);
INSERT INTO public.c_measpt (areakey, equipmentkey, componentkey, mptkey, mptid, description, companionmptkey, referencerpm, signaltype, orientation, position, activealarm, alarmtype, alerthigh, faulthigh, alertlow, faultlow) VALUES (2, 11, 22, 58, 'MIY', 'SLP-A VIB Y (G10)', 57, 356, 3, 6, 0, false, null, null, null, null, null);
INSERT INTO public.c_measpt (areakey, equipmentkey, componentkey, mptkey, mptid, description, companionmptkey, referencerpm, signaltype, orientation, position, activealarm, alarmtype, alerthigh, faulthigh, alertlow, faultlow) VALUES (2, 12, 23, 59, 'MIX', '7SLP-B VIB X (S101)', 60, 3600, 3, 5, 1, false, null, null, null, null, null);
INSERT INTO public.c_measpt (areakey, equipmentkey, componentkey, mptkey, mptid, description, companionmptkey, referencerpm, signaltype, orientation, position, activealarm, alarmtype, alerthigh, faulthigh, alertlow, faultlow) VALUES (2, 12, 23, 60, 'MIY', '7SLP-B VIB Y (S102)', 59, 3600, 3, 6, 1, false, null, null, null, null, null);
INSERT INTO public.c_measpt (areakey, equipmentkey, componentkey, mptkey, mptid, description, companionmptkey, referencerpm, signaltype, orientation, position, activealarm, alarmtype, alerthigh, faulthigh, alertlow, faultlow) VALUES (3, 13, 25, 61, 'T1X', 'TBN VIB BRG#1-X (I01)', 62, 3600, 3, 5, 0, false, null, null, null, null, null);
INSERT INTO public.c_measpt (areakey, equipmentkey, componentkey, mptkey, mptid, description, companionmptkey, referencerpm, signaltype, orientation, position, activealarm, alarmtype, alerthigh, faulthigh, alertlow, faultlow) VALUES (3, 13, 25, 62, 'T1Y', 'TBN VIB BRG#1-Y (I02)', 61, 3600, 3, 6, 0, false, null, null, null, null, null);
INSERT INTO public.c_measpt (areakey, equipmentkey, componentkey, mptkey, mptid, description, companionmptkey, referencerpm, signaltype, orientation, position, activealarm, alarmtype, alerthigh, faulthigh, alertlow, faultlow) VALUES (3, 13, 25, 63, 'T2X', 'TBN VIB BRG#2-X (I03)', 64, 3600, 3, 5, 0, false, null, null, null, null, null);
INSERT INTO public.c_measpt (areakey, equipmentkey, componentkey, mptkey, mptid, description, companionmptkey, referencerpm, signaltype, orientation, position, activealarm, alarmtype, alerthigh, faulthigh, alertlow, faultlow) VALUES (3, 13, 25, 64, 'T2Y', 'TBN VIB BRG#2-Y (I04)', 63, 3600, 3, 6, 0, false, null, null, null, null, null);
INSERT INTO public.c_measpt (areakey, equipmentkey, componentkey, mptkey, mptid, description, companionmptkey, referencerpm, signaltype, orientation, position, activealarm, alarmtype, alerthigh, faulthigh, alertlow, faultlow) VALUES (3, 13, 26, 65, 'T3X', 'TBN VIB BRG#3-X (I05)', 66, 3600, 3, 5, 0, false, null, null, null, null, null);
INSERT INTO public.c_measpt (areakey, equipmentkey, componentkey, mptkey, mptid, description, companionmptkey, referencerpm, signaltype, orientation, position, activealarm, alarmtype, alerthigh, faulthigh, alertlow, faultlow) VALUES (3, 13, 26, 66, 'T3Y', 'TBN VIB BRG#3-Y (I06)', 65, 3600, 3, 6, 0, false, null, null, null, null, null);
INSERT INTO public.c_measpt (areakey, equipmentkey, componentkey, mptkey, mptid, description, companionmptkey, referencerpm, signaltype, orientation, position, activealarm, alarmtype, alerthigh, faulthigh, alertlow, faultlow) VALUES (3, 13, 26, 67, 'T4X', 'TBN VIB BRG#4-X (I07)', 68, 3600, 3, 5, 0, false, null, null, null, null, null);
INSERT INTO public.c_measpt (areakey, equipmentkey, componentkey, mptkey, mptid, description, companionmptkey, referencerpm, signaltype, orientation, position, activealarm, alarmtype, alerthigh, faulthigh, alertlow, faultlow) VALUES (3, 13, 26, 68, 'T4Y', 'TBN VIB BRG#4-Y (I08)', 67, 3600, 3, 6, 0, false, null, null, null, null, null);
INSERT INTO public.c_measpt (areakey, equipmentkey, componentkey, mptkey, mptid, description, companionmptkey, referencerpm, signaltype, orientation, position, activealarm, alarmtype, alerthigh, faulthigh, alertlow, faultlow) VALUES (3, 13, 27, 69, 'T5X', 'TBN VIB BRG#5-X (I09)', 70, 3600, 3, 5, 0, false, null, null, null, null, null);
INSERT INTO public.c_measpt (areakey, equipmentkey, componentkey, mptkey, mptid, description, companionmptkey, referencerpm, signaltype, orientation, position, activealarm, alarmtype, alerthigh, faulthigh, alertlow, faultlow) VALUES (3, 13, 27, 70, 'T5Y', 'TBN VIB BRG#5-Y (I10)', 69, 3600, 3, 6, 0, false, null, null, null, null, null);
INSERT INTO public.c_measpt (areakey, equipmentkey, componentkey, mptkey, mptid, description, companionmptkey, referencerpm, signaltype, orientation, position, activealarm, alarmtype, alerthigh, faulthigh, alertlow, faultlow) VALUES (3, 13, 27, 71, 'T6X', 'TBN VIB BRG#6-X (I17)', 72, 3600, 3, 5, 0, false, null, null, null, null, null);
INSERT INTO public.c_measpt (areakey, equipmentkey, componentkey, mptkey, mptid, description, companionmptkey, referencerpm, signaltype, orientation, position, activealarm, alarmtype, alerthigh, faulthigh, alertlow, faultlow) VALUES (3, 13, 27, 72, 'T6Y', 'TBN VIB BRG#6-Y (I18)', 71, 3600, 3, 6, 0, false, null, null, null, null, null);
INSERT INTO public.c_measpt (areakey, equipmentkey, componentkey, mptkey, mptid, description, companionmptkey, referencerpm, signaltype, orientation, position, activealarm, alarmtype, alerthigh, faulthigh, alertlow, faultlow) VALUES (3, 13, 28, 73, 'T7X', 'TBN VIB BRG#7-X (I19)', 74, 3600, 3, 5, 0, false, null, null, null, null, null);
INSERT INTO public.c_measpt (areakey, equipmentkey, componentkey, mptkey, mptid, description, companionmptkey, referencerpm, signaltype, orientation, position, activealarm, alarmtype, alerthigh, faulthigh, alertlow, faultlow) VALUES (3, 13, 28, 74, 'T7Y', 'TBN VIB BRG#7-Y (I20)', 73, 3600, 3, 6, 0, false, null, null, null, null, null);
INSERT INTO public.c_measpt (areakey, equipmentkey, componentkey, mptkey, mptid, description, companionmptkey, referencerpm, signaltype, orientation, position, activealarm, alarmtype, alerthigh, faulthigh, alertlow, faultlow) VALUES (3, 13, 28, 75, 'T8X', 'TBN VIB BRG#8-X (I21)', 76, 3600, 3, 5, 0, false, null, null, null, null, null);
INSERT INTO public.c_measpt (areakey, equipmentkey, componentkey, mptkey, mptid, description, companionmptkey, referencerpm, signaltype, orientation, position, activealarm, alarmtype, alerthigh, faulthigh, alertlow, faultlow) VALUES (3, 13, 28, 76, 'T8Y', 'TBN VIB BRG#8-Y (I22)', 75, 3600, 3, 6, 0, false, null, null, null, null, null);
INSERT INTO public.c_measpt (areakey, equipmentkey, componentkey, mptkey, mptid, description, companionmptkey, referencerpm, signaltype, orientation, position, activealarm, alarmtype, alerthigh, faulthigh, alertlow, faultlow) VALUES (3, 13, 29, 77, 'T9X', 'TBN VIB BRG#9-X (I23)', 78, 3600, 3, 5, 0, false, null, null, null, null, null);
INSERT INTO public.c_measpt (areakey, equipmentkey, componentkey, mptkey, mptid, description, companionmptkey, referencerpm, signaltype, orientation, position, activealarm, alarmtype, alerthigh, faulthigh, alertlow, faultlow) VALUES (3, 13, 29, 78, 'T9Y', 'TBN VIB BRG#9-Y (I24)', 77, 3600, 3, 6, 0, false, null, null, null, null, null);
INSERT INTO public.c_measpt (areakey, equipmentkey, componentkey, mptkey, mptid, description, companionmptkey, referencerpm, signaltype, orientation, position, activealarm, alarmtype, alerthigh, faulthigh, alertlow, faultlow) VALUES (4, 14, 30, 79, 'HPX', 'BFPT-A TBN HP X VIB (J01)', 80, 3000, 3, 5, 0, false, null, null, null, null, null);
INSERT INTO public.c_measpt (areakey, equipmentkey, componentkey, mptkey, mptid, description, companionmptkey, referencerpm, signaltype, orientation, position, activealarm, alarmtype, alerthigh, faulthigh, alertlow, faultlow) VALUES (4, 14, 30, 80, 'HPY', 'BFPT-A TBN HP Y VIB (J02)', 79, 3000, 3, 6, 0, false, null, null, null, null, null);
INSERT INTO public.c_measpt (areakey, equipmentkey, componentkey, mptkey, mptid, description, companionmptkey, referencerpm, signaltype, orientation, position, activealarm, alarmtype, alerthigh, faulthigh, alertlow, faultlow) VALUES (4, 14, 30, 81, 'LPX', 'BFPT-A TBN LP X VIB (J03)', 82, 3000, 3, 5, 0, false, null, null, null, null, null);
INSERT INTO public.c_measpt (areakey, equipmentkey, componentkey, mptkey, mptid, description, companionmptkey, referencerpm, signaltype, orientation, position, activealarm, alarmtype, alerthigh, faulthigh, alertlow, faultlow) VALUES (4, 14, 30, 82, 'LPY', 'BFPT-A TBN LP Y VIB (J04)', 81, 3000, 3, 6, 0, false, null, null, null, null, null);
INSERT INTO public.c_measpt (areakey, equipmentkey, componentkey, mptkey, mptid, description, companionmptkey, referencerpm, signaltype, orientation, position, activealarm, alarmtype, alerthigh, faulthigh, alertlow, faultlow) VALUES (4, 14, 31, 83, 'PIX', 'BFPT-A MP PIX (J08)', 84, 3600, 3, 5, 0, false, null, null, null, null, null);
INSERT INTO public.c_measpt (areakey, equipmentkey, componentkey, mptkey, mptid, description, companionmptkey, referencerpm, signaltype, orientation, position, activealarm, alarmtype, alerthigh, faulthigh, alertlow, faultlow) VALUES (4, 14, 31, 84, 'PIY', 'BFPT-A MP PIY (J09)', 83, 3600, 3, 5, 0, false, null, null, null, null, null);
INSERT INTO public.c_measpt (areakey, equipmentkey, componentkey, mptkey, mptid, description, companionmptkey, referencerpm, signaltype, orientation, position, activealarm, alarmtype, alerthigh, faulthigh, alertlow, faultlow) VALUES (4, 14, 31, 85, 'POX', 'BFPT-A MP POX (J10)', 86, 3600, 3, 5, 0, false, null, null, null, null, null);
INSERT INTO public.c_measpt (areakey, equipmentkey, componentkey, mptkey, mptid, description, companionmptkey, referencerpm, signaltype, orientation, position, activealarm, alarmtype, alerthigh, faulthigh, alertlow, faultlow) VALUES (4, 14, 31, 86, 'POY', 'BFPT-A MP POY (J11)', 85, 3600, 3, 5, 0, false, null, null, null, null, null);
INSERT INTO public.c_measpt (areakey, equipmentkey, componentkey, mptkey, mptid, description, companionmptkey, referencerpm, signaltype, orientation, position, activealarm, alarmtype, alerthigh, faulthigh, alertlow, faultlow) VALUES (4, 14, 32, 87, 'BIX', 'BFPT-A BP PIX (J19)', 88, 5800, 3, 5, 0, false, null, null, null, null, null);
INSERT INTO public.c_measpt (areakey, equipmentkey, componentkey, mptkey, mptid, description, companionmptkey, referencerpm, signaltype, orientation, position, activealarm, alarmtype, alerthigh, faulthigh, alertlow, faultlow) VALUES (4, 14, 32, 88, 'BIY', 'BFPT-A BP PIY (J20)', 87, 5800, 3, 6, 0, false, null, null, null, null, null);
INSERT INTO public.c_measpt (areakey, equipmentkey, componentkey, mptkey, mptid, description, companionmptkey, referencerpm, signaltype, orientation, position, activealarm, alarmtype, alerthigh, faulthigh, alertlow, faultlow) VALUES (4, 14, 32, 89, 'BOX', 'BFPT-A BP POX (J21)', 90, 5800, 3, 5, 0, false, null, null, null, null, null);
INSERT INTO public.c_measpt (areakey, equipmentkey, componentkey, mptkey, mptid, description, companionmptkey, referencerpm, signaltype, orientation, position, activealarm, alarmtype, alerthigh, faulthigh, alertlow, faultlow) VALUES (4, 14, 32, 90, 'BOY', 'BFPT-A BP POY (J22)', 89, 5800, 3, 6, 0, false, null, null, null, null, null);
INSERT INTO public.c_measpt (areakey, equipmentkey, componentkey, mptkey, mptid, description, companionmptkey, referencerpm, signaltype, orientation, position, activealarm, alarmtype, alerthigh, faulthigh, alertlow, faultlow) VALUES (4, 15, 34, 91, 'HPX', 'BFPT-B TBN HP X VIB (K01)', 92, 3000, 3, 5, 0, false, null, null, null, null, null);
INSERT INTO public.c_measpt (areakey, equipmentkey, componentkey, mptkey, mptid, description, companionmptkey, referencerpm, signaltype, orientation, position, activealarm, alarmtype, alerthigh, faulthigh, alertlow, faultlow) VALUES (4, 15, 34, 92, 'HPY', 'BFPT-B TBN HP Y VIB (K02)', 91, 3000, 3, 6, 0, false, null, null, null, null, null);
INSERT INTO public.c_measpt (areakey, equipmentkey, componentkey, mptkey, mptid, description, companionmptkey, referencerpm, signaltype, orientation, position, activealarm, alarmtype, alerthigh, faulthigh, alertlow, faultlow) VALUES (4, 15, 34, 93, 'LPX', 'BFPT-B TBN LP X VIB (K03)', 94, 3000, 3, 5, 0, false, null, null, null, null, null);
INSERT INTO public.c_measpt (areakey, equipmentkey, componentkey, mptkey, mptid, description, companionmptkey, referencerpm, signaltype, orientation, position, activealarm, alarmtype, alerthigh, faulthigh, alertlow, faultlow) VALUES (4, 15, 34, 94, 'LPY', 'BFPT-B TBN LP Y VIB (K04)', 93, 3000, 3, 6, 0, false, null, null, null, null, null);
INSERT INTO public.c_measpt (areakey, equipmentkey, componentkey, mptkey, mptid, description, companionmptkey, referencerpm, signaltype, orientation, position, activealarm, alarmtype, alerthigh, faulthigh, alertlow, faultlow) VALUES (4, 15, 35, 95, 'PIX', 'BFPT-B MP PIX (K08)', 96, 3600, 3, 5, 0, false, null, null, null, null, null);
INSERT INTO public.c_measpt (areakey, equipmentkey, componentkey, mptkey, mptid, description, companionmptkey, referencerpm, signaltype, orientation, position, activealarm, alarmtype, alerthigh, faulthigh, alertlow, faultlow) VALUES (4, 15, 35, 96, 'PIY', 'BFPT-B MP PIY (K09)', 95, 3600, 3, 5, 0, false, null, null, null, null, null);
INSERT INTO public.c_measpt (areakey, equipmentkey, componentkey, mptkey, mptid, description, companionmptkey, referencerpm, signaltype, orientation, position, activealarm, alarmtype, alerthigh, faulthigh, alertlow, faultlow) VALUES (4, 15, 35, 97, 'POX', 'BFPT-B MP POX (K10)', 98, 3600, 3, 5, 0, false, null, null, null, null, null);
INSERT INTO public.c_measpt (areakey, equipmentkey, componentkey, mptkey, mptid, description, companionmptkey, referencerpm, signaltype, orientation, position, activealarm, alarmtype, alerthigh, faulthigh, alertlow, faultlow) VALUES (4, 15, 35, 98, 'POY', 'BFPT-B MP POY (K11)', 97, 3600, 3, 5, 0, false, null, null, null, null, null);
INSERT INTO public.c_measpt (areakey, equipmentkey, componentkey, mptkey, mptid, description, companionmptkey, referencerpm, signaltype, orientation, position, activealarm, alarmtype, alerthigh, faulthigh, alertlow, faultlow) VALUES (4, 15, 36, 99, 'BIX', 'BFPT-B BP PIX (K19)', 100, 5800, 3, 5, 0, false, null, null, null, null, null);
INSERT INTO public.c_measpt (areakey, equipmentkey, componentkey, mptkey, mptid, description, companionmptkey, referencerpm, signaltype, orientation, position, activealarm, alarmtype, alerthigh, faulthigh, alertlow, faultlow) VALUES (4, 15, 36, 100, 'BIY', 'BFPT-B BP PIY (K20)', 99, 5800, 3, 6, 0, false, null, null, null, null, null);
INSERT INTO public.c_measpt (areakey, equipmentkey, componentkey, mptkey, mptid, description, companionmptkey, referencerpm, signaltype, orientation, position, activealarm, alarmtype, alerthigh, faulthigh, alertlow, faultlow) VALUES (4, 15, 36, 101, 'BOX', 'BFPT-B BP POX (K21)', 102, 5800, 3, 5, 0, false, null, null, null, null, null);
INSERT INTO public.c_measpt (areakey, equipmentkey, componentkey, mptkey, mptid, description, companionmptkey, referencerpm, signaltype, orientation, position, activealarm, alarmtype, alerthigh, faulthigh, alertlow, faultlow) VALUES (4, 15, 36, 102, 'BOY', 'BFPT-B BP POY (K22)', 101, 5800, 3, 6, 0, false, null, null, null, null, null);
INSERT INTO public.c_measpt (areakey, equipmentkey, componentkey, mptkey, mptid, description, companionmptkey, referencerpm, signaltype, orientation, position, activealarm, alarmtype, alerthigh, faulthigh, alertlow, faultlow) VALUES (4, 16, 38, 103, 'PIX', 'BFPM PIX VIB (B13)', 104, 3576, 3, 0, 0, false, null, null, null, null, null);
INSERT INTO public.c_measpt (areakey, equipmentkey, componentkey, mptkey, mptid, description, companionmptkey, referencerpm, signaltype, orientation, position, activealarm, alarmtype, alerthigh, faulthigh, alertlow, faultlow) VALUES (4, 16, 38, 104, 'PIY', 'BFPM PIY VIB (B14)', 103, 3576, 3, 0, 0, false, null, null, null, null, null);
INSERT INTO public.c_measpt (areakey, equipmentkey, componentkey, mptkey, mptid, description, companionmptkey, referencerpm, signaltype, orientation, position, activealarm, alarmtype, alerthigh, faulthigh, alertlow, faultlow) VALUES (4, 16, 38, 105, 'POX', 'BFPM POX VIB (B15)', 106, 3576, 3, 0, 0, false, null, null, null, null, null);
INSERT INTO public.c_measpt (areakey, equipmentkey, componentkey, mptkey, mptid, description, companionmptkey, referencerpm, signaltype, orientation, position, activealarm, alarmtype, alerthigh, faulthigh, alertlow, faultlow) VALUES (4, 16, 38, 106, 'POY', 'BFPM POY VIB (B16)', 105, 3576, 3, 0, 0, false, null, null, null, null, null);
INSERT INTO public.c_measpt (areakey, equipmentkey, componentkey, mptkey, mptid, description, companionmptkey, referencerpm, signaltype, orientation, position, activealarm, alarmtype, alerthigh, faulthigh, alertlow, faultlow) VALUES (4, 16, 39, 107, 'MIX', 'BFPM VIB MIX (B19)', 108, 3576, 3, 0, 0, false, null, null, null, null, null);
INSERT INTO public.c_measpt (areakey, equipmentkey, componentkey, mptkey, mptid, description, companionmptkey, referencerpm, signaltype, orientation, position, activealarm, alarmtype, alerthigh, faulthigh, alertlow, faultlow) VALUES (4, 16, 39, 108, 'MIY', 'BFPM VIB MIY (B20)', 107, 3576, 3, 0, 0, false, null, null, null, null, null);
INSERT INTO public.c_measpt (areakey, equipmentkey, componentkey, mptkey, mptid, description, companionmptkey, referencerpm, signaltype, orientation, position, activealarm, alarmtype, alerthigh, faulthigh, alertlow, faultlow) VALUES (4, 16, 39, 109, 'MOX', 'BFPM VIB MOX (B21)', 110, 3576, 3, 0, 0, false, null, null, null, null, null);
INSERT INTO public.c_measpt (areakey, equipmentkey, componentkey, mptkey, mptid, description, companionmptkey, referencerpm, signaltype, orientation, position, activealarm, alarmtype, alerthigh, faulthigh, alertlow, faultlow) VALUES (4, 16, 39, 110, 'MOY', 'BFPM VIB MOY (B22)', 109, 3576, 3, 1, 2, false, null, null, null, null, null);
INSERT INTO public.c_measpt (areakey, equipmentkey, componentkey, mptkey, mptid, description, companionmptkey, referencerpm, signaltype, orientation, position, activealarm, alarmtype, alerthigh, faulthigh, alertlow, faultlow) VALUES (5, 17, 41, 111, 'MIX', 'CBP -A VIB Motor Inboard X (A09)', 112, 3560, 3, 5, 1, false, null, null, null, null, null);
INSERT INTO public.c_measpt (areakey, equipmentkey, componentkey, mptkey, mptid, description, companionmptkey, referencerpm, signaltype, orientation, position, activealarm, alarmtype, alerthigh, faulthigh, alertlow, faultlow) VALUES (5, 17, 41, 112, 'MIY', 'CBP -A VIB Motor Inboard Y (A10)', 111, 3560, 3, 6, 1, false, null, null, null, null, null);
INSERT INTO public.c_measpt (areakey, equipmentkey, componentkey, mptkey, mptid, description, companionmptkey, referencerpm, signaltype, orientation, position, activealarm, alarmtype, alerthigh, faulthigh, alertlow, faultlow) VALUES (5, 17, 41, 113, 'MOX', 'CBP -A VIB Motor Outboard X(A11)', 114, 3560, 3, 5, 2, false, null, null, null, null, null);
INSERT INTO public.c_measpt (areakey, equipmentkey, componentkey, mptkey, mptid, description, companionmptkey, referencerpm, signaltype, orientation, position, activealarm, alarmtype, alerthigh, faulthigh, alertlow, faultlow) VALUES (5, 17, 41, 114, 'MOY', 'CBP -A VIB Motor Outboard Y(A12)', 113, 3560, 3, 6, 2, false, null, null, null, null, null);
INSERT INTO public.c_measpt (areakey, equipmentkey, componentkey, mptkey, mptid, description, companionmptkey, referencerpm, signaltype, orientation, position, activealarm, alarmtype, alerthigh, faulthigh, alertlow, faultlow) VALUES (5, 17, 42, 115, 'PIX', 'CBP-A VIB Pump Inboard X (A05)', 116, 3560, 3, 5, 1, false, null, null, null, null, null);
INSERT INTO public.c_measpt (areakey, equipmentkey, componentkey, mptkey, mptid, description, companionmptkey, referencerpm, signaltype, orientation, position, activealarm, alarmtype, alerthigh, faulthigh, alertlow, faultlow) VALUES (5, 17, 42, 116, 'PIY', 'CBP-A VIB Pump Inboard Y (A06)', 115, 3560, 3, 6, 1, false, null, null, null, null, null);
INSERT INTO public.c_measpt (areakey, equipmentkey, componentkey, mptkey, mptid, description, companionmptkey, referencerpm, signaltype, orientation, position, activealarm, alarmtype, alerthigh, faulthigh, alertlow, faultlow) VALUES (5, 17, 42, 117, 'POX', 'CBP-A VIB Pump Outboard X (A07)', 118, 3560, 3, 5, 2, false, null, null, null, null, null);
INSERT INTO public.c_measpt (areakey, equipmentkey, componentkey, mptkey, mptid, description, companionmptkey, referencerpm, signaltype, orientation, position, activealarm, alarmtype, alerthigh, faulthigh, alertlow, faultlow) VALUES (5, 17, 42, 118, 'POY', 'CBP-A VIB Pump Outboard Y (A08)', 117, 3560, 3, 6, 2, false, null, null, null, null, null);
INSERT INTO public.c_measpt (areakey, equipmentkey, componentkey, mptkey, mptid, description, companionmptkey, referencerpm, signaltype, orientation, position, activealarm, alarmtype, alerthigh, faulthigh, alertlow, faultlow) VALUES (5, 18, 43, 119, 'MIX', 'CBP-B VIB Motor Inboard X (B09)', 120, 3560, 3, 5, 1, false, null, null, null, null, null);
INSERT INTO public.c_measpt (areakey, equipmentkey, componentkey, mptkey, mptid, description, companionmptkey, referencerpm, signaltype, orientation, position, activealarm, alarmtype, alerthigh, faulthigh, alertlow, faultlow) VALUES (5, 18, 43, 120, 'MIY', 'CBP-B VIB Motor Inboard Y (B10)', 119, 3560, 3, 6, 1, false, null, null, null, null, null);
INSERT INTO public.c_measpt (areakey, equipmentkey, componentkey, mptkey, mptid, description, companionmptkey, referencerpm, signaltype, orientation, position, activealarm, alarmtype, alerthigh, faulthigh, alertlow, faultlow) VALUES (5, 18, 43, 121, 'MOX', 'CBP-B VIB Motor Outboard X (B11)', 122, 3560, 3, 5, 2, false, null, null, null, null, null);
INSERT INTO public.c_measpt (areakey, equipmentkey, componentkey, mptkey, mptid, description, companionmptkey, referencerpm, signaltype, orientation, position, activealarm, alarmtype, alerthigh, faulthigh, alertlow, faultlow) VALUES (5, 18, 43, 122, 'MOY', 'CBP-B VIB Motor Outboard Y (B12)', 121, 3560, 3, 6, 2, false, null, null, null, null, null);
INSERT INTO public.c_measpt (areakey, equipmentkey, componentkey, mptkey, mptid, description, companionmptkey, referencerpm, signaltype, orientation, position, activealarm, alarmtype, alerthigh, faulthigh, alertlow, faultlow) VALUES (5, 18, 44, 123, 'PIX', 'CBP-B VIB Pump Inboard X (B05)', 124, 3560, 3, 5, 1, false, null, null, null, null, null);
INSERT INTO public.c_measpt (areakey, equipmentkey, componentkey, mptkey, mptid, description, companionmptkey, referencerpm, signaltype, orientation, position, activealarm, alarmtype, alerthigh, faulthigh, alertlow, faultlow) VALUES (5, 18, 44, 124, 'PIY', 'CBP-B VIB Pump Inboard Y (B06)', 123, 3560, 3, 6, 1, false, null, null, null, null, null);
INSERT INTO public.c_measpt (areakey, equipmentkey, componentkey, mptkey, mptid, description, companionmptkey, referencerpm, signaltype, orientation, position, activealarm, alarmtype, alerthigh, faulthigh, alertlow, faultlow) VALUES (5, 18, 44, 125, 'POX', 'CBP-B VIB Pump Outboard X (B07)', 126, 3560, 3, 5, 2, false, null, null, null, null, null);
INSERT INTO public.c_measpt (areakey, equipmentkey, componentkey, mptkey, mptid, description, companionmptkey, referencerpm, signaltype, orientation, position, activealarm, alarmtype, alerthigh, faulthigh, alertlow, faultlow) VALUES (5, 18, 44, 126, 'POY', 'CBP-B VIB Pump Outboard Y (B08)', 125, 3560, 3, 6, 2, false, null, null, null, null, null);
INSERT INTO public.c_measpt (areakey, equipmentkey, componentkey, mptkey, mptid, description, companionmptkey, referencerpm, signaltype, orientation, position, activealarm, alarmtype, alerthigh, faulthigh, alertlow, faultlow) VALUES (5, 19, 45, 127, 'MIX', 'CBP-C VIB Motor Inboard X (C09)', 128, 3560, 3, 5, 1, false, null, null, null, null, null);
INSERT INTO public.c_measpt (areakey, equipmentkey, componentkey, mptkey, mptid, description, companionmptkey, referencerpm, signaltype, orientation, position, activealarm, alarmtype, alerthigh, faulthigh, alertlow, faultlow) VALUES (5, 19, 45, 128, 'MIY', 'CBP-C VIB Motor Inboard Y (C10)', 127, 3560, 3, 6, 1, false, null, null, null, null, null);
INSERT INTO public.c_measpt (areakey, equipmentkey, componentkey, mptkey, mptid, description, companionmptkey, referencerpm, signaltype, orientation, position, activealarm, alarmtype, alerthigh, faulthigh, alertlow, faultlow) VALUES (5, 19, 45, 129, 'MOX', 'CBP-C VIB Motor Outboard X (C11)', 130, 3560, 3, 5, 2, false, null, null, null, null, null);
INSERT INTO public.c_measpt (areakey, equipmentkey, componentkey, mptkey, mptid, description, companionmptkey, referencerpm, signaltype, orientation, position, activealarm, alarmtype, alerthigh, faulthigh, alertlow, faultlow) VALUES (5, 19, 45, 130, 'MOY', 'CBP-C VIB Motor Outboard Y (C12)', 129, 3560, 3, 6, 2, false, null, null, null, null, null);
INSERT INTO public.c_measpt (areakey, equipmentkey, componentkey, mptkey, mptid, description, companionmptkey, referencerpm, signaltype, orientation, position, activealarm, alarmtype, alerthigh, faulthigh, alertlow, faultlow) VALUES (5, 19, 46, 131, 'PIX', 'CBP-C VIB Pump Inboard X (C05)', 132, 3560, 3, 5, 1, false, null, null, null, null, null);
INSERT INTO public.c_measpt (areakey, equipmentkey, componentkey, mptkey, mptid, description, companionmptkey, referencerpm, signaltype, orientation, position, activealarm, alarmtype, alerthigh, faulthigh, alertlow, faultlow) VALUES (5, 19, 46, 132, 'PIY', 'CBP-C VIB Pump Inboard Y (CO6)', 131, 3560, 3, 6, 1, false, null, null, null, null, null);
INSERT INTO public.c_measpt (areakey, equipmentkey, componentkey, mptkey, mptid, description, companionmptkey, referencerpm, signaltype, orientation, position, activealarm, alarmtype, alerthigh, faulthigh, alertlow, faultlow) VALUES (5, 19, 46, 133, 'POX', 'CBP-C VIB Pump Outboard X (C07)', 134, 3560, 3, 5, 2, false, null, null, null, null, null);
INSERT INTO public.c_measpt (areakey, equipmentkey, componentkey, mptkey, mptid, description, companionmptkey, referencerpm, signaltype, orientation, position, activealarm, alarmtype, alerthigh, faulthigh, alertlow, faultlow) VALUES (5, 19, 46, 134, 'POY', 'CBP-C VIB Pump Outboard Y (C08)', 133, 3560, 3, 6, 2, false, null, null, null, null, null);
INSERT INTO public.c_measpt (areakey, equipmentkey, componentkey, mptkey, mptid, description, companionmptkey, referencerpm, signaltype, orientation, position, activealarm, alarmtype, alerthigh, faulthigh, alertlow, faultlow) VALUES (5, 20, 48, 135, 'PIX', 'COP-A VIB X (A01)', 136, 1780, 3, 5, 0, false, null, null, null, null, null);
INSERT INTO public.c_measpt (areakey, equipmentkey, componentkey, mptkey, mptid, description, companionmptkey, referencerpm, signaltype, orientation, position, activealarm, alarmtype, alerthigh, faulthigh, alertlow, faultlow) VALUES (5, 20, 48, 136, 'PIY', 'COP-A VIB Y (A02)', 135, 1780, 3, 6, 0, false, null, null, null, null, null);
INSERT INTO public.c_measpt (areakey, equipmentkey, componentkey, mptkey, mptid, description, companionmptkey, referencerpm, signaltype, orientation, position, activealarm, alarmtype, alerthigh, faulthigh, alertlow, faultlow) VALUES (5, 21, 50, 137, 'PIX', 'COP-B VIB X (B01)', 138, 1780, 3, 5, 0, false, null, null, null, null, null);
INSERT INTO public.c_measpt (areakey, equipmentkey, componentkey, mptkey, mptid, description, companionmptkey, referencerpm, signaltype, orientation, position, activealarm, alarmtype, alerthigh, faulthigh, alertlow, faultlow) VALUES (5, 21, 50, 138, 'PIY', 'COP-B VIB Y (B02)', 137, 1780, 3, 6, 0, false, null, null, null, null, null);
INSERT INTO public.c_measpt (areakey, equipmentkey, componentkey, mptkey, mptid, description, companionmptkey, referencerpm, signaltype, orientation, position, activealarm, alarmtype, alerthigh, faulthigh, alertlow, faultlow) VALUES (5, 22, 52, 139, 'PIX', 'COP-C VIB X (C01)', 140, 1780, 3, 5, 0, false, null, null, null, null, null);
INSERT INTO public.c_measpt (areakey, equipmentkey, componentkey, mptkey, mptid, description, companionmptkey, referencerpm, signaltype, orientation, position, activealarm, alarmtype, alerthigh, faulthigh, alertlow, faultlow) VALUES (5, 22, 52, 140, 'PIY', 'COP-C VIB Y (C02)', 139, 1780, 3, 6, 0, false, null, null, null, null, null);
INSERT INTO public.c_measpt (areakey, equipmentkey, componentkey, mptkey, mptid, description, companionmptkey, referencerpm, signaltype, orientation, position, activealarm, alarmtype, alerthigh, faulthigh, alertlow, faultlow) VALUES (6, 23, 53, 141, 'MIX', 'COMP-A MIX VIB (L01)', 142, 585, 2, 5, 1, false, null, null, null, null, null);
INSERT INTO public.c_measpt (areakey, equipmentkey, componentkey, mptkey, mptid, description, companionmptkey, referencerpm, signaltype, orientation, position, activealarm, alarmtype, alerthigh, faulthigh, alertlow, faultlow) VALUES (6, 23, 53, 142, 'MIY', 'COMP-A MIY VIB (L02)', 141, 585, 2, 6, 1, false, null, null, null, null, null);
INSERT INTO public.c_measpt (areakey, equipmentkey, componentkey, mptkey, mptid, description, companionmptkey, referencerpm, signaltype, orientation, position, activealarm, alarmtype, alerthigh, faulthigh, alertlow, faultlow) VALUES (6, 23, 53, 143, 'MOX', 'COMP-A MOX VIB (L03)', 144, 585, 2, 5, 2, false, null, null, null, null, null);
INSERT INTO public.c_measpt (areakey, equipmentkey, componentkey, mptkey, mptid, description, companionmptkey, referencerpm, signaltype, orientation, position, activealarm, alarmtype, alerthigh, faulthigh, alertlow, faultlow) VALUES (6, 23, 53, 144, 'MOY', 'COMP-A MOY VIB (L04)', 143, 585, 2, 6, 2, false, null, null, null, null, null);
INSERT INTO public.c_measpt (areakey, equipmentkey, componentkey, mptkey, mptid, description, companionmptkey, referencerpm, signaltype, orientation, position, activealarm, alarmtype, alerthigh, faulthigh, alertlow, faultlow) VALUES (6, 24, 54, 145, 'MIX', 'COMP-B MIX VIB (L05)', 146, 585, 2, 5, 1, false, null, null, null, null, null);
INSERT INTO public.c_measpt (areakey, equipmentkey, componentkey, mptkey, mptid, description, companionmptkey, referencerpm, signaltype, orientation, position, activealarm, alarmtype, alerthigh, faulthigh, alertlow, faultlow) VALUES (6, 24, 54, 146, 'MIY', 'COMP-B MIY VIB (L06)', 145, 585, 2, 6, 1, false, null, null, null, null, null);
INSERT INTO public.c_measpt (areakey, equipmentkey, componentkey, mptkey, mptid, description, companionmptkey, referencerpm, signaltype, orientation, position, activealarm, alarmtype, alerthigh, faulthigh, alertlow, faultlow) VALUES (6, 24, 54, 147, 'MOX', 'COMP-B MOX VIB (L07)', 148, 585, 2, 5, 2, false, null, null, null, null, null);
INSERT INTO public.c_measpt (areakey, equipmentkey, componentkey, mptkey, mptid, description, companionmptkey, referencerpm, signaltype, orientation, position, activealarm, alarmtype, alerthigh, faulthigh, alertlow, faultlow) VALUES (6, 24, 54, 148, 'MOY', 'COMP-B MOY VIB (L08)', 147, 585, 2, 6, 2, false, null, null, null, null, null);
INSERT INTO public.c_measpt (areakey, equipmentkey, componentkey, mptkey, mptid, description, companionmptkey, referencerpm, signaltype, orientation, position, activealarm, alarmtype, alerthigh, faulthigh, alertlow, faultlow) VALUES (6, 25, 55, 149, 'MIX', 'COMP-C MIX VIB (M01)', 150, 585, 2, 5, 1, false, null, null, null, null, null);
INSERT INTO public.c_measpt (areakey, equipmentkey, componentkey, mptkey, mptid, description, companionmptkey, referencerpm, signaltype, orientation, position, activealarm, alarmtype, alerthigh, faulthigh, alertlow, faultlow) VALUES (6, 25, 55, 150, 'MIY', 'COMP-C MIY VIB (M02)', 149, 585, 2, 6, 1, false, null, null, null, null, null);
INSERT INTO public.c_measpt (areakey, equipmentkey, componentkey, mptkey, mptid, description, companionmptkey, referencerpm, signaltype, orientation, position, activealarm, alarmtype, alerthigh, faulthigh, alertlow, faultlow) VALUES (6, 25, 55, 151, 'MOX', 'COMP-C MOX VIB (M03)', 152, 585, 2, 5, 2, false, null, null, null, null, null);
INSERT INTO public.c_measpt (areakey, equipmentkey, componentkey, mptkey, mptid, description, companionmptkey, referencerpm, signaltype, orientation, position, activealarm, alarmtype, alerthigh, faulthigh, alertlow, faultlow) VALUES (6, 25, 55, 152, 'MOY', 'COMP-C MOY VIB (M04)', 151, 585, 2, 6, 2, false, null, null, null, null, null);
INSERT INTO public.c_measpt (areakey, equipmentkey, componentkey, mptkey, mptid, description, companionmptkey, referencerpm, signaltype, orientation, position, activealarm, alarmtype, alerthigh, faulthigh, alertlow, faultlow) VALUES (6, 26, 56, 153, 'MIX', 'COMP-D MIX VIB (M05)', 154, 585, 2, 5, 0, false, null, null, null, null, null);
INSERT INTO public.c_measpt (areakey, equipmentkey, componentkey, mptkey, mptid, description, companionmptkey, referencerpm, signaltype, orientation, position, activealarm, alarmtype, alerthigh, faulthigh, alertlow, faultlow) VALUES (6, 26, 56, 154, 'MIY', 'COMP-D MIY VIB (M06)', 153, 585, 2, 6, 0, false, null, null, null, null, null);
INSERT INTO public.c_measpt (areakey, equipmentkey, componentkey, mptkey, mptid, description, companionmptkey, referencerpm, signaltype, orientation, position, activealarm, alarmtype, alerthigh, faulthigh, alertlow, faultlow) VALUES (6, 26, 56, 155, 'MOX', 'COMP-D MOX VIB (M07)', 156, 585, 2, 5, 0, false, null, null, null, null, null);
INSERT INTO public.c_measpt (areakey, equipmentkey, componentkey, mptkey, mptid, description, companionmptkey, referencerpm, signaltype, orientation, position, activealarm, alarmtype, alerthigh, faulthigh, alertlow, faultlow) VALUES (6, 26, 56, 156, 'MOY', 'COMP-D MOY VIB (M08)', 155, 585, 2, 6, 0, false, null, null, null, null, null);
INSERT INTO public.c_measpt (areakey, equipmentkey, componentkey, mptkey, mptid, description, companionmptkey, referencerpm, signaltype, orientation, position, activealarm, alarmtype, alerthigh, faulthigh, alertlow, faultlow) VALUES (7, 27, 57, 157, 'BOX', 'OAB-A VIB (N01)', null, 890, 2, 0, 0, false, null, null, null, null, null);
INSERT INTO public.c_measpt (areakey, equipmentkey, componentkey, mptkey, mptid, description, companionmptkey, referencerpm, signaltype, orientation, position, activealarm, alarmtype, alerthigh, faulthigh, alertlow, faultlow) VALUES (7, 28, 58, 158, 'BOX', 'OAB-B VIB (N02)', null, 890, 2, 0, 0, false, null, null, null, null, null);
INSERT INTO public.c_measpt (areakey, equipmentkey, componentkey, mptkey, mptid, description, companionmptkey, referencerpm, signaltype, orientation, position, activealarm, alarmtype, alerthigh, faulthigh, alertlow, faultlow) VALUES (7, 29, 59, 159, 'BOX', 'OAB-C VIB (N03)', null, 890, 2, 0, 0, false, null, null, null, null, null);
